rank,symbol,name,sector,price,chg,chg_pct,high_52w,low_52w,volume,weight,market_cap_cr,market_cap_raw
1,OGDC,Oil & Gas Development Company Limited,OIL & GAS EXPLORATION COMPANIES,275.34,-0.04,-0.01%,337.1,174.26,35.51 Lac,5.41,118421.76,118421.76 Cr
2,MEBL,Meezan Bank Limited,COMMERCIAL BANKS,481.16,2.89,0.60%,518.79,236.6,13.31 Lac,6.6,86635.49,86635.49 Cr
3,MARI,Mari Energies Limited,OIL & GAS EXPLORATION COMPANIES,631.64,-2.36,-0.37%,795.0,539.13,6.58 Lac,4.62,75836.12,75836.12 Cr
4,FFC,Fauji Fertilizer Company Limited,FERTILIZER,492.26,3.04,0.62%,685.0,314.18,18.26 Lac,12.81,70837.36,70837.36 Cr
5,PPL,Pakistan Petroleum Limited,OIL & GAS EXPLORATION COMPANIES,207.12,-0.53,-0.26%,284.6,128.56,48.51 Lac,4.23,56356.68,56356.68 Cr
6,LUCK,Lucky Cement Limited,CEMENT,382.12,2.86,0.75%,1796.0,274.43,23.95 Lac,5.12,55980.58,55980.58 Cr
7,ENGROH,Engro Holdings Limited,INV. BANKS / INV. COS. / SECURITIES COS.,262.37,-0.47,-0.18%,302.5,139.0,14.19 Lac,7.7,31595.43,31595.43 Cr
8,FATIMA,Fatima Fertilizer Company Limited,FERTILIZER,126.23,-0.75,-0.59%,192.8,70.0,4.9 Lac,1.21,26508.3,26508.3 Cr
9,EFERT,Engro Fertilizers Limited,FERTILIZER,194.71,-1.44,-0.73%,263.3,145.25,17.72 Lac,3.57,25999.61,25999.61 Cr
10,HUBC,The Hub Power Company Limited,POWER GENERATION & DISTRIBUTION,198.7,0.28,0.14%,249.99,114.6,39.21 Lac,5.89,25774.46,25774.46 Cr
11,SYS,Systems Limited,TECHNOLOGY & COMMUNICATION,140.26,2.0,1.45%,577.0,100.0,20.29 Lac,3.78,20665.97,20665.97 Cr
12,KEL,K-Electric Limited,POWER GENERATION & DISTRIBUTION,6.99,-0.12,-1.69%,9.58,3.6,5.36 Cr,0.59,19303.02,19303.02 Cr
13,PSO,Pakistan State Oil Company Limited,OIL & GAS MARKETING COMPANIES,336.32,-1.05,-0.31%,506.75,300.0,11.81 Lac,2.41,15789.33,15789.33 Cr
14,FABL,Faysal Bank Limited,COMMERCIAL BANKS,81.71,0.34,0.42%,105.49,40.05,9.09 Lac,1.13,12401.1,12401.1 Cr
15,ILP,Interloop Limited,TEXTILE COMPOSITE,75.09,0.59,0.79%,99.35,45.0,1.1 Lac,0.64,10525.44,10525.44 Cr
16,LCI,Lucky Core Industries Limited,CHEMICAL,227.3,0.31,0.14%,1910.0,201.17,85.78 K,0.64,10496.61,10496.61 Cr
17,FCCL,Fauji Cement Company Limited,CEMENT,42.57,0.02,0.05%,62.84,36.26,64.66 Lac,1.11,10441.77,10441.77 Cr
18,GLAXO,GlaxoSmithKline Pakistan Limited,PHARMACEUTICALS,324.1,0.27,0.08%,481.0,293.09,2.74 Lac,0.63,10321.52,10321.52 Cr
19,MTL,Millat Tractors Limited,AUTOMOBILE ASSEMBLER,497.2,-1.8,-0.36%,626.94,465.0,2.35 Lac,1.36,9919.93,9919.93 Cr
20,SAZEW,Sazgar Engineering Works Limited,AUTOMOBILE ASSEMBLER,1628.59,-3.91,-0.24%,2487.0,1053.99,4.85 Lac,1.05,9844.17,9844.17 Cr
21,ATRL,Attock Refinery Limited,REFINERY,833.0,-13.26,-1.57%,949.0,410.0,7.05 Lac,1.08,8881.13,8881.13 Cr
22,ABOT,Abbott Laboratories (Pakistan) Limited,PHARMACEUTICALS,893.82,3.1,0.35%,1304.0,790.0,8.55 K,0.58,8750.52,8750.52 Cr
23,DCR,Dolmen City REIT,REAL ESTATE INVESTMENT TRUST,36.16,-0.04,-0.11%,41.8,22.98,2.87 Lac,0.61,8040.9,8040.9 Cr
24,MLCF,Maple Leaf Cement Factory Limited,CEMENT,75.62,0.67,0.89%,132.99,59.25,43.75 Lac,1.09,7921.67,7921.67 Cr
25,HALEON,Haleon Pakistan Limited,PHARMACEUTICALS,662.45,3.21,0.49%,1010.0,653.14,55.41 K,0.32,7754.28,7754.28 Cr
26,NATF,National Foods Limited,FOOD & PERSONAL CARE PRODUCTS,331.07,-1.55,-0.47%,439.0,203.01,74.55 K,0.59,7717.75,7717.75 Cr
27,KOHC,Kohat Cement Company Limited,CEMENT,76.62,-1.49,-1.91%,567.99,74.0,12.81 Lac,0.54,7043.73,7043.73 Cr
28,DGKC,D.G. Khan Cement Company Limited,CEMENT,154.74,1.8,1.18%,275.75,116.5,33.35 Lac,1.03,6779.45,6779.45 Cr
29,APL,Attock Petroleum Limited,OIL & GAS MARKETING COMPANIES,522.85,3.19,0.61%,646.0,377.11,73.28 K,0.4,6505.09,6505.09 Cr
30,IBFL,Ibrahim Fibres Limited,SYNTHETIC & RAYON,205.0,0.0,0%,380.0,176.55,44,0.1,6365.39,6365.39 Cr
31,PKGS,Packages Limited,"PAPER, BOARD & PACKAGING",668.31,-2.55,-0.38%,855.0,435.0,43.88 K,0.55,5973.32,5973.32 Cr
32,FCEPL,Frieslandcampina Engro Pakistan Limited,FOOD & PERSONAL CARE PRODUCTS,74.71,0.89,1.21%,113.63,63.86,78.62 K,0.17,5727.24,5727.24 Cr
33,SNGP,Sui Northern Gas Pipelines Limited,OIL & GAS MARKETING COMPANIES,88.52,-0.14,-0.16%,142.6,83.2,29.09 Lac,0.77,5614.09,5614.09 Cr
34,KTML,Kohinoor Textile Mills Limited,TEXTILE COMPOSITE,40.04,-0.47,-1.16%,305.0,37.02,59.37 K,0.33,5391.38,5391.38 Cr
35,AIRLINK,Air Link Communication Limited,TECHNOLOGY & COMMUNICATION,125.29,0.71,0.57%,199.0,116.5,6.68 Lac,0.45,4952.33,4952.33 Cr
36,SEARL,The Searle Company Limited,PHARMACEUTICALS,83.42,-0.15,-0.18%,137.44,60.66,12.42 Lac,0.75,4906.92,4906.92 Cr
37,AGP,AGP Limited,PHARMACEUTICALS,172.62,1.46,0.85%,258.67,142.0,2.03 Lac,0.44,4833.36,4833.36 Cr
38,PIOC,Pioneer Cement Limited,CEMENT,209.0,0.45,0.22%,427.5,173.0,1.16 Lac,0.65,4747.41,4747.41 Cr
39,CHCC,Cherat Cement Company Limited,CEMENT,243.72,-2.67,-1.08%,390.0,225.0,3.05 Lac,0.79,4735.36,4735.36 Cr
40,NML,Nishat Mills Limited,TEXTILE COMPOSITE,132.25,-0.27,-0.20%,208.4,94.67,24.56 Lac,0.64,4649.91,4649.91 Cr
41,HINOON,Highnoon Laboratories Limited,PHARMACEUTICALS,836.38,-13.56,-1.60%,1241.0,755.56,12.85 K,0.54,4431.42,4431.42 Cr
42,CNERGY,Cnergyico PK  Limited,REFINERY,7.25,0.04,0.56%,9.39,5.35,1.66 Cr,0.3,3982.75,3982.75 Cr
43,JVDC,Javedan Corporation Limited,PROPERTY,103.11,-1.6,-1.53%,163.0,50.5,4.35 Lac,0.54,3927.05,3927.05 Cr
44,FFL,Fauji Foods Limited,FOOD & PERSONAL CARE PRODUCTS,14.89,0.03,0.20%,23.93,11.25,15.93 Lac,0.23,3752.23,3752.23 Cr
45,HPL,Hoechst Pakistan Limited,PHARMACEUTICALS,3874.3,-9.86,-0.25%,4889.99,2876.0,57,0.11,3736.67,3736.67 Cr
46,ACPL,Attock Cement Pakistan Limited,CEMENT,268.52,-0.11,-0.04%,333.0,225.0,9.43 K,0.22,3690.19,3690.19 Cr
47,LOTCHEM,Lotte Chemical Pakistan Limited,CHEMICAL,23.5,-0.32,-1.34%,34.3,15.06,4.14 Lac,0.27,3558.39,3558.39 Cr
48,GHGL,Ghani Glass Limited,GLASS & CERAMICS,32.5,-0.13,-0.40%,52.25,26.5,58.28 K,0.35,3249.07,3249.07 Cr
49,PAEL,Pak Elektron Limited,CABLE & ELECTRICAL GOODS,33.68,0.52,1.57%,64.6,32.01,61.11 Lac,0.52,3110.85,3110.85 Cr
50,EPCL,Engro Polymer & Chemicals Limited,CHEMICAL,33.98,-0.79,-2.27%,39.32,25.5,28.69 Lac,0.24,3088.52,3088.52 Cr
51,ISL,International Steels Limited,ENGINEERING,66.61,-4.05,-5.73%,135.0,62.0,24.1 Lac,0.31,2897.53,2897.53 Cr
52,FLYNG,Flying Cement Company Limited,CEMENT,41.33,0.34,0.83%,62.85,25.05,5.36 K,0.13,2871.61,2871.61 Cr
53,BIPL,BankIslami Pakistan Limited,COMMERCIAL BANKS,24.85,0.43,1.76%,44.1,17.5,4.91 Lac,0.13,2755.13,2755.13 Cr
54,NRL,National Refinery Limited,REFINERY,337.12,-5.35,-1.56%,477.45,157.01,9.87 Lac,0.27,2695.83,2695.83 Cr
55,GHNI,Ghandhara Industries Limited,AUTOMOBILE ASSEMBLER,619.77,9.85,1.62%,1030.0,583.25,3.29 Lac,0.28,2640.77,2640.77 Cr
56,SAPT,Sapphire Textile Mills Limited,TEXTILE COMPOSITE,1210.64,0.0,0%,1564.29,1001.0,5,0.08,2625.85,2625.85 Cr
57,PIBTL,Pakistan International Bulk Terminal,TRANSPORT,14.47,-0.02,-0.14%,22.97,6.89,97.2 Lac,0.35,2584.48,2584.48 Cr
58,TGL,Tariq Glass Industries Limited,GLASS & CERAMICS,138.88,-0.31,-0.22%,291.5,128.0,32.9 K,0.29,2391.06,2391.06 Cr
59,POWER,Power Cement Limited,CEMENT,17.62,-0.44,-2.44%,22.24,11.71,8.99 Lac,0.28,2273.9,2273.9 Cr
60,HCAR,Honda Atlas Cars (Pakistan) Limited,AUTOMOBILE ASSEMBLER,159.15,0.52,0.33%,321.0,147.5,40.99 K,0.14,2272.66,2272.66 Cr
61,PRL,Pakistan Refinery Limited,REFINERY,34.2,-0.56,-1.61%,40.93,22.03,86.17 Lac,0.24,2154.6,2154.6 Cr
62,MUGHAL,Mughal Iron & Steel Industries Limited,ENGINEERING,61.94,-0.04,-0.07%,113.99,52.0,5.28 Lac,0.19,2078.92,2078.92 Cr
63,PAKOXY,Pakistan Oxygen Limited,CHEMICAL,229.6,-5.3,-2.26%,356.68,127.0,2.03 K,0.15,2000.37,2000.37 Cr
64,SSGC,Sui Southern Gas Company Limited,OIL & GAS MARKETING COMPANIES,21.71,0.62,2.94%,47.45,19.02,77.02 Lac,0.22,1912.47,1912.47 Cr
65,INIL,International Industries Limited,ENGINEERING,142.89,-1.8,-1.24%,249.0,119.99,11.03 K,0.26,1884.46,1884.46 Cr
66,IPAK,International Packaging Films Limited,"PAPER, BOARD & PACKAGING",25.59,0.91,3.69%,32.49,17.8,1.48 Lac,0.17,1881.4,1881.4 Cr
67,AGTL,Al-Ghazi Tractors Limited,AUTOMOBILE ASSEMBLER,320.66,0.66,0.21%,504.96,288.0,7.77 K,0.04,1858.68,1858.68 Cr
68,GWLC,Gharibwal Cement Limited,CEMENT,45.36,0.04,0.09%,77.96,32.0,3.68 Lac,0.06,1815.64,1815.64 Cr
69,GAL,Ghandhara Automobiles Limited,AUTOMOBILE ASSEMBLER,303.77,0.13,0.04%,633.0,291.0,1.52 Lac,0.21,1731.56,1731.56 Cr
70,SGF,Service GlobalFootwear Limited,LEATHER & TANNERIES,80.8,4.54,5.95%,141.89,67.0,2.55 Lac,0.13,1668.26,1668.26 Cr
71,CPHL,Citi Pharma Ltd.,PHARMACEUTICALS,72.61,-0.43,-0.59%,105.31,60.5,4.79 Lac,0.25,1658.86,1658.86 Cr
72,SITC,Sitara Chemical Industries Limited,CHEMICAL,751.03,-12.96,-1.70%,1060.0,350.0,11.62 K,0.17,1609.41,1609.41 Cr
73,GCIL,Ghani Chemical Industries Limited,CHEMICAL,27.28,0.37,1.38%,39.87,13.75,11.08 Lac,0.19,1556.19,1556.19 Cr
74,FEROZ,Ferozsons Laboratories Limited,PHARMACEUTICALS,339.15,3.83,1.14%,475.0,242.33,2.52 K,0.16,1474.25,1474.25 Cr
75,FCL,Fast Cables Limited,CABLE & ELECTRICAL GOODS,21.02,0.08,0.38%,28.56,18.51,5.29 Lac,0.1,1354.9,1354.9 Cr
76,GATM,Gul Ahmed Textile Mills Limited,TEXTILE COMPOSITE,17.93,-0.21,-1.16%,40.7,16.5,6.51 Lac,0.1,1326.93,1326.93 Cr
77,AVN,Avanceon Limited,TECHNOLOGY & COMMUNICATION,29.99,0.03,0.10%,54.3,26.5,3.74 Lac,0.14,1282.0,1282 Cr
78,MACTER,Macter International Limited,PHARMACEUTICALS,271.95,-0.34,-0.13%,621.82,255.1,7.39 K,0.13,1245.83,1245.83 Cr
79,ARPL,Archroma Pakistan Limited,CHEMICAL,345.22,5.22,1.54%,535.0,325.0,1.94 K,0.09,1193.2,1193.2 Cr
80,ICL,Ittehad Chemicals Limted,CHEMICAL,118.59,1.36,1.16%,176.0,59.11,88.57 K,0.18,1185.9,1185.9 Cr
81,BFBIO,BF Biosciences Limited,PHARMACEUTICALS,130.39,-1.3,-0.99%,194.9,117.0,1.11 Lac,0.11,1151.78,1151.78 Cr
82,BBFL,Big Bird Foods Limited,FOOD & PERSONAL CARE PRODUCTS,36.49,-0.54,-1.46%,57.35,34.0,1.55 Lac,0.12,1090.71,1090.71 Cr
83,CEPB,Century Paper & Board Mills Limited,"PAPER, BOARD & PACKAGING",25.76,-0.02,-0.08%,46.7,20.25,1.29 Lac,0.09,1034.81,1034.81 Cr
84,BFAGRO,Barkat Frisian Agro Limited,FOOD & PERSONAL CARE PRODUCTS,32.08,0.11,0.34%,49.25,23.55,66.7 K,0.08,994.45,994.45 Cr
85,NETSOL,NetSol Technologies Limited,TECHNOLOGY & COMMUNICATION,102.54,0.34,0.33%,168.6,87.66,81.82 K,0.08,921.19,921.19 Cr
86,ASL,Aisha Steel Mills Limited,ENGINEERING,9.82,0.0,0%,15.94,8.51,11.2 Lac,0.1,914.03,914.03 Cr
87,TREET,Treet Corporation Limited,FOOD & PERSONAL CARE PRODUCTS,21.81,0.5,2.35%,37.0,15.51,30.07 Lac,0.12,809.21,809.21 Cr
88,PTL,Panther Tyres Ltd.,AUTOMOBILE PARTS & ACCESSORIES,48.13,-0.85,-1.74%,65.88,32.86,16.05 K,0.06,808.58,808.58 Cr
89,EPQL,Engro Powergen Qadirpur Limited,POWER GENERATION & DISTRIBUTION,24.6,-0.24,-0.97%,39.6,22.3,5.24 Lac,0.07,796.55,796.55 Cr
90,SPEL,SPEL Limited,"PAPER, BOARD & PACKAGING",37.87,1.36,3.73%,83.5,31.05,3.77 Lac,0.05,756.4,756.4 Cr
91,GATI,Gatron (Industries) Limited,SYNTHETIC & RAYON,69.07,0.35,0.51%,193.75,62.55,10.29 K,0.03,750.99,750.99 Cr
92,CSAP,Crescent Steel & Allied Products Limited,ENGINEERING,92.83,1.92,2.11%,143.5,78.25,2.84 Lac,0.1,720.66,720.66 Cr
93,HINO,Hinopak Motors Limited,AUTOMOBILE ASSEMBLER,283.6,1.96,0.70%,634.5,264.69,3.99 K,0.02,703.36,703.36 Cr
94,TOMCL,The Organic Meat Company Limited,FOOD & PERSONAL CARE PRODUCTS,31.75,0.77,2.49%,75.85,23.57,41.62 Lac,0.1,623.38,623.38 Cr
95,KSBP,KSB Pumps Company Limited,ENGINEERING,190.55,-1.2,-0.63%,278.0,142.0,15.77 K,0.05,588.8,588.8 Cr
96,SLGL,Secure Logistics-Trax Group Limited,TRANSPORT,13.84,0.04,0.29%,26.5,12.7,3.04 Lac,0.04,583.76,583.76 Cr
97,MFL,Matco Foods Limited,FOOD & PERSONAL CARE PRODUCTS,46.42,0.42,0.91%,85.73,32.01,30.94 K,0.04,568.18,568.18 Cr
98,PREMA,At-Tahur Limited,FOOD & PERSONAL CARE PRODUCTS,24.63,0.41,1.69%,94.0,23.0,1.88 Lac,0.05,538.51,538.51 Cr
99,SURC,Suraj Cotton Mills Limited,TEXTILE COMPOSITE,108.4,3.99,3.82%,161.3,88.0,10.69 K,0.03,529.1,529.1 Cr
100,BECO,Beco Steel Limited,ENGINEERING,4.22,-0.01,-0.24%,73.6,3.9,13.1 Lac,0.06,527.34,527.34 Cr
101,BTL,Blessed Textiles Limited,TEXTILE COMPOSITE,810.17,7.47,0.93%,925.25,236.1,248,0.02,521.1,521.1 Cr
102,BNL,Bunnys Limited,FOOD & PERSONAL CARE PRODUCTS,7.78,-0.01,-0.13%,170.73,7.48,4.63 Lac,0.09,519.75,519.75 Cr
103,DYNO,Dynea Pakistan Limited,CHEMICAL,271.08,0.0,0%,353.3,184.5,1,0.1,511.59,511.59 Cr
104,OCTOPUS,Octopus Digital Limited,TECHNOLOGY & COMMUNICATION,32.21,0.15,0.47%,61.29,24.35,1.77 Lac,0.05,506.54,506.54 Cr
105,HTL,Hi-Tech Lubricants Limited,OIL & GAS MARKETING COMPANIES,34.99,-0.47,-1.33%,66.5,30.5,23.71 K,0.04,487.08,487.08 Cr
106,AGIL,Agriauto Industries Limited,AUTOMOBILE PARTS & ACCESSORIES,134.01,0.97,0.73%,198.0,89.03,35.71 K,0.09,482.44,482.44 Cr
107,DOL,Descon Oxychem Limited,CHEMICAL,27.17,0.05,0.18%,41.0,22.2,42.21 K,0.04,475.56,475.56 Cr
108,IMAGE,Image Pakistan Limited,SYNTHETIC & RAYON,20.13,-0.14,-0.69%,36.83,17.7,84.25 K,0.09,463.73,463.73 Cr
109,DNCC,Dandot Cement Company Limited,CEMENT,14.28,-0.34,-2.33%,28.07,11.5,2.98 Lac,0.04,451.76,451.76 Cr
110,KML,Kohinoor Mills Limited,TEXTILE COMPOSITE,8.66,-0.16,-1.81%,146.77,7.1,23.14 Lac,0.02,440.89,440.89 Cr
111,ANL,Azgard Nine Limited,TEXTILE COMPOSITE,8.97,0.03,0.34%,13.7,6.4,1.57 Lac,0.07,435.41,435.41 Cr
112,FECTC,Fecto Cement Limited,CEMENT,85.76,2.56,3.08%,195.75,55.0,2.75 Lac,0.03,430.17,430.17 Cr
113,LOADS,Loads Limited,AUTOMOBILE PARTS & ACCESSORIES,11.5,0.12,1.05%,22.6,10.93,2.02 Lac,0.04,426.94,426.94 Cr
114,IBLHL,IBL HealthCare Limited,PHARMACEUTICALS,41.18,0.2,0.49%,85.82,28.0,71.14 K,0.03,405.73,405.73 Cr
115,RCML,Reliance Cotton Spinning Mills Limited,TEXTILE SPINNING,360.93,-19.07,-5.02%,745.59,341.0,275,0.01,384.46,384.46 Cr
116,BIFO,Biafo Industries Limited,CHEMICAL,82.39,0.14,0.17%,207.1,79.1,81.01 K,0.04,382.15,382.15 Cr
117,SPWL,Saif Power Limited,POWER GENERATION & DISTRIBUTION,9.82,0.02,0.20%,14.15,8.01,1.75 Lac,0.06,379.52,379.52 Cr
118,NRSL,Nimir Resins Limited,CHEMICAL,26.55,1.09,4.28%,48.7,20.6,1.25 Lac,0.03,375.21,375.21 Cr
119,BRRG,B.R.R Guardian Limited,PROPERTY,39.41,-1.59,-3.88%,48.65,19.33,1.92 K,0.06,374.43,374.43 Cr
120,DCL,Dewan Cement Limited,CEMENT,7.58,0.06,0.80%,16.6,6.61,5.44 Lac,0.04,366.96,366.96 Cr
121,TPLP,TPL Properties Limited,PROPERTY,6.45,-0.07,-1.07%,13.55,6.0,12.97 Lac,0.07,361.9,361.9 Cr
122,SCL,Shield Corporation Limited,FOOD & PERSONAL CARE PRODUCTS,914.31,23.01,2.58%,1020.0,229.3,582,0.01,356.58,356.58 Cr
123,MFFL,Mitchells Fruit Farms Limited,FOOD & PERSONAL CARE PRODUCTS,154.03,-0.95,-0.61%,237.0,139.66,8.92 K,0.02,352.34,352.34 Cr
124,CPPL,Cherat Packaging Limited,"PAPER, BOARD & PACKAGING",68.29,0.28,0.41%,143.0,64.79,2.38 K,0.06,335.27,335.27 Cr
125,FHAM,First Habib Modaraba,MODARABAS,28.98,0.38,1.33%,39.49,19.13,3.1 K,0.08,321.19,321.19 Cr
126,EXIDE,Exide Pakistan Limited,AUTOMOBILE PARTS & ACCESSORIES,410.36,-4.32,-1.04%,951.0,365.0,4.8 K,0.02,318.79,318.79 Cr
127,GTYR,Ghandhara Tyre & Rubber Company Limited,AUTOMOBILE PARTS & ACCESSORIES,24.85,0.33,1.35%,51.5,22.26,70.56 K,0.04,303.0,303 Cr
128,SYM,Symmetry Group Limited,TECHNOLOGY & COMMUNICATION,10.2,-0.07,-0.68%,17.04,9.01,6.11 Lac,0.04,290.95,290.95 Cr
129,WAVES,Waves Corporation Limited,CABLE & ELECTRICAL GOODS,9.72,-0.18,-1.82%,16.95,6.46,28.09 Lac,0.05,273.53,273.53 Cr
130,DINT,Din Textile Mills Limited,TEXTILE SPINNING,51.58,4.69,10%,119.88,41.36,2.29 K,0.01,270.62,270.62 Cr
131,FTMM,First Treet Manufacturing Modaraba,MODARABAS,12.97,0.17,1.33%,23.9,3.5,670,0.0,253.69,253.69 Cr
132,CLOV,Clover Pakistan Limited,FOOD & PERSONAL CARE PRODUCTS,64.61,2.63,4.24%,88.64,32.26,8.55 Lac,0.04,251.52,251.52 Cr
133,FRCL,Frontier Ceramics Limited,GLASS & CERAMICS,63.56,0.0,0%,109.0,19.02,1,0.0,240.73,240.73 Cr
134,STCL,Shabbir Tiles & Ceramics Limited,GLASS & CERAMICS,9.95,0.0,0%,19.78,8.55,9.63 Lac,0.04,238.12,238.12 Cr
135,BWHL,Baluchistan Wheels Limited,AUTOMOBILE PARTS & ACCESSORIES,177.03,0.03,0.02%,257.92,114.01,12.35 K,0.04,236.06,236.06 Cr
136,BHAT,Bhanero Textile Mills Limited,TEXTILE COMPOSITE,765.0,0.0,0%,1194.18,665.0,7,0.0,232.63,232.63 Cr
137,KOHE,Kohinoor Energy Limited,POWER GENERATION & DISTRIBUTION,13.48,-0.17,-1.24%,23.49,12.33,1.75 Lac,0.03,228.43,228.43 Cr
138,SSOM,S.S.Oil Mills Limited,VANASPATI & ALLIED INDUSTRIES,398.48,2.99,0.76%,1179.75,138.0,12.79 K,0.02,225.48,225.48 Cr
139,QUICE,Quice Food Industries Limited,FOOD & PERSONAL CARE PRODUCTS,22.83,-0.39,-1.68%,46.06,5.5,22.99 Lac,0.05,224.79,224.79 Cr
140,WAHN,Wah Noble Chemicals Limited,CHEMICAL,243.83,0.0,0%,435.0,196.02,104,0.02,219.45,219.45 Cr
141,BERG,Berger Paints Pakistan Limited,CHEMICAL,86.61,-0.51,-0.59%,129.15,73.55,3.62 K,0.03,212.64,212.64 Cr
142,SHEZ,Shezan International Limited,FOOD & PERSONAL CARE PRODUCTS,215.11,3.47,1.64%,308.81,121.99,522,0.03,207.86,207.86 Cr
143,NSRM,The National Silk & Rayon Mills Limited,SYNTHETIC & RAYON,131.9,0.0,0%,224.8,29.07,65,0.0,205.15,205.15 Cr
144,ECOP,Ecopack Limited,MISCELLANEOUS,40.09,1.28,3.30%,98.46,28.5,1.46 Lac,0.04,193.47,193.47 Cr
145,GGGL,Ghani Global Glass Limited,GLASS & CERAMICS,7.78,0.37,4.99%,14.47,6.7,1.56 Lac,0.03,186.72,186.72 Cr
146,RPL,Roshan Packages Limited,"PAPER, BOARD & PACKAGING",13.06,-0.15,-1.14%,25.05,12.0,15.67 K,0.02,185.32,185.32 Cr
147,MERIT,Merit Packaging Limited,"PAPER, BOARD & PACKAGING",7.99,-0.01,-0.13%,17.0,7.1,70.32 K,0.01,159.77,159.77 Cr
148,TPLT,TPL Trakker Limited,TECHNOLOGY & COMMUNICATION,8.15,0.14,1.75%,16.59,4.65,7.14 Lac,0.02,152.62,152.62 Cr
149,KHYT,Khyber Textile Mills Limited,UNKNOWN,1217.89,-127.11,-9.45%,3714.44,395.33,189,0.0,149.5,149.5 Cr
150,MWMP,Mandviwala Mauser Plastic Industries,MISCELLANEOUS,51.2,-1.64,-3.10%,170.95,14.8,9.47 K,0.01,147.19,147.19 Cr
151,REDCO,Redco Textiles Limited,TEXTILE COMPOSITE,26.04,0.48,1.88%,40.4,14.9,2.46 K,0.0,128.36,128.36 Cr
152,PAKD,Pak Datacom Limited,TECHNOLOGY & COMMUNICATION,106.47,-2.51,-2.30%,420.0,85.01,5.78 K,0.02,126.27,126.27 Cr
153,EMCO,Emco Industries Limited,CABLE & ELECTRICAL GOODS,35.1,-0.48,-1.35%,98.89,29.5,3.08 K,0.01,122.85,122.85 Cr
154,MACFL,MACPAC Films Limited,"PAPER, BOARD & PACKAGING",20.71,0.18,0.88%,70.49,13.11,67.75 K,0.01,122.81,122.81 Cr
155,ELSM,Ellcot Spinning Mills Limited,TEXTILE SPINNING,105.8,0.3,0.28%,138.0,99.0,10,0.01,115.85,115.85 Cr
156,ITTEFAQ,Ittefaq Iron Industries Limited,ENGINEERING,7.4,0.09,1.23%,12.64,5.35,1.4 Lac,0.02,106.81,106.81 Cr
157,SMCPL,Safe Mix Concrete Limited,CEMENT,39.99,-0.01,-0.03%,57.3,13.61,669,0.01,99.97,99.97 Cr
158,OLPM,OLP Modaraba,MODARABAS,22.0,0.0,0%,25.49,15.0,51.89 K,0.02,99.84,99.84 Cr
159,RUPL,Rupali Polyester Limited,SYNTHETIC & RAYON,29.13,0.0,0%,42.79,12.1,1 Lac,0.01,99.24,99.24 Cr
160,KOHTM,Kohat Textile Mills Limited,TEXTILE SPINNING,46.93,-1.06,-2.21%,113.0,25.03,850,0.01,97.61,97.61 Cr
161,POML,Punjab Oil Mills Limited,VANASPATI & ALLIED INDUSTRIES,125.54,-4.46,-3.43%,330.43,113.11,1.29 K,0.01,97.45,97.45 Cr
162,STJT,Shahtaj Textile Limited,TEXTILE WEAVING,97.79,2.15,2.25%,123.0,59.5,1.11 K,0.0,94.47,94.47 Cr
163,CCM,Crescent Cotton Mills Limited,TEXTILE SPINNING,40.91,0.74,1.84%,68.88,34.4,731,0.01,92.7,92.7 Cr
164,SINDM,Sindh Modaraba,MODARABAS,18.48,0.0,0%,41.25,9.72,101,0.0,83.16,83.16 Cr
165,PPP,Pakistan Paper Products Limited,"PAPER, BOARD & PACKAGING",103.37,-0.63,-0.61%,279.0,91.0,1.3 K,0.01,82.7,82.7 Cr
166,ORM,Orient Rental Mod,MODARABAS,10.11,-0.25,-2.41%,16.79,8.31,1.61 K,0.01,75.83,75.83 Cr
167,ASHT,Ashfaq Textile Mills Limited,TEXTILE WEAVING,15.99,1.0,6.67%,32.99,11.12,781,0.0,74.46,74.46 Cr
168,CFL,Crescent Fibres Limited,TEXTILE SPINNING,54.96,5.0,10.01%,94.01,44.01,862,0.01,68.25,68.25 Cr
169,BCL,Bolan Castings Limited,ENGINEERING,58.96,-0.83,-1.39%,130.44,56.02,3.36 K,0.01,67.64,67.64 Cr
170,DIIL,Diamond Industries Limited,MISCELLANEOUS,74.5,6.77,10%,91.87,18.0,25.37 K,0.01,67.05,67.05 Cr
171,SHDT,Shadab Textile Mills Limited,TEXTILE SPINNING,40.29,1.24,3.18%,90.0,18.5,1.65 K,0.01,66.88,66.88 Cr
172,SAIF,Saif Textile Mills Limited,TEXTILE SPINNING,25.28,-0.08,-0.32%,52.5,7.85,6.8 K,0.01,66.77,66.77 Cr
173,ZTL,Zephyr Textiles Limited,TEXTILE WEAVING,10.95,0.31,2.91%,21.0,9.75,12.07 K,0.0,65.07,65.07 Cr
174,GFIL,Ghazi Fabrics International Limited,TEXTILE COMPOSITE,19.88,0.33,1.69%,26.96,6.5,1.95 Lac,0.0,64.88,64.88 Cr
175,BNWM,Bannu Woollen Mills Limited,WOOLLEN,66.2,2.26,3.54%,112.4,25.51,12.25 K,0.01,62.93,62.93 Cr
176,AHTM,Ahmad Hassan Textile Mills Limited,TEXTILE COMPOSITE,73.17,0.0,0%,134.15,48.6,454,0.0,61.99,61.99 Cr
177,SHCM,Shadman Cotton Mills Limited,TEXTILE SPINNING,35.06,-3.02,-7.93%,96.58,26.04,1.62 K,0.0,61.83,61.83 Cr
178,GOC,GOC (Pak) Limited.,MISCELLANEOUS,79.0,0.0,0%,171.95,55.0,34,0.0,58.06,58.06 Cr
179,FIMM,First Imrooz Modaraba,MODARABAS,192.66,0.0,0%,397.69,164.0,1,0.01,57.8,57.8 Cr
180,LPGL,Leiner Pak Gelatine Limited,CHEMICAL,75.79,2.01,2.72%,167.86,63.01,789,0.0,56.84,56.84 Cr
181,IDRT,Idrees Textile Mills Limited,TEXTILE SPINNING,27.86,1.23,4.62%,42.0,15.24,3.64 K,0.0,55.31,55.31 Cr
182,FTSM,First Tri-Star Modaraba,MODARABAS,25.37,-2.82,-10%,57.0,10.51,93.04 K,0.01,53.69,53.69 Cr
183,JDMT,Janana De Malucho Textile Mills Limited,TEXTILE SPINNING,77.26,5.55,7.74%,175.0,46.0,1.31 Lac,0.0,53.43,53.43 Cr
184,DADX,Dadex Eternit Limited,ENGINEERING,46.5,0.0,0%,83.9,42.75,118,0.0,50.05,50.05 Cr
185,BPL,Burshane LPG (Pakistan) Limited,OIL & GAS MARKETING COMPANIES,21.76,-0.82,-3.63%,42.25,20.01,9.05 K,0.0,48.94,48.94 Cr
186,MSCL,Metropolitan Steel Corporation Limited,ENGINEERING,15.58,-0.65,-4.01%,23.15,7.02,56.3 K,0.0,48.26,48.26 Cr
187,SEL,Sitara Energy Limited,POWER GENERATION & DISTRIBUTION,25.24,0.75,3.06%,45.56,9.3,721,0.01,48.19,48.19 Cr
188,FEM,First Equity Modaraba,MODARABAS,8.0,0.0,0%,17.7,2.32,21.4 K,0.01,41.95,41.95 Cr
189,ARCTM,Arctic Textile Mills Limited,TEXTILE SPINNING,31.33,1.19,3.95%,46.8,17.1,3.15 K,0.0,41.28,41.28 Cr
190,OBOY,Oilboy Energy Limited,OIL & GAS MARKETING COMPANIES,8.11,-0.09,-1.10%,15.96,7.1,3.56 Lac,0.01,40.55,40.55 Cr
191,SGPL,S.G. Power Limited,POWER GENERATION & DISTRIBUTION,22.34,1.55,7.46%,40.0,6.45,9.62 Lac,0.01,39.84,39.84 Cr
192,HAFL,Hafiz Limited,TEXTILE COMPOSITE,330.25,3.72,1.14%,629.5,250.0,55,0.0,39.63,39.63 Cr
193,MQTM,Maqbool Textile Mills Limited,TEXTILE SPINNING,19.58,-0.26,-1.31%,52.29,19.18,2.65 K,0.0,36.09,36.09 Cr
194,SERT,Service Industries Textiles Limited,TEXTILE SPINNING,25.73,-1.23,-4.56%,78.3,10.11,2.85 K,0.0,35.48,35.48 Cr
195,ICCI,ICC Industries Limited,TEXTILE WEAVING,11.76,-0.25,-2.08%,19.91,8.61,6.83 K,0.0,35.28,35.28 Cr
196,AKDHL,AKD Hospitality Limited,MISCELLANEOUS,138.5,-15.29,-9.94%,232.89,119.73,16.46 K,0.0,34.73,34.73 Cr
197,SARC,Sardar Chemical Industries Limited,CHEMICAL,53.2,-0.79,-1.46%,102.9,27.05,808,0.0,31.92,31.92 Cr
198,FIBLM,First IBL Modaraba,MODARABAS,11.21,-0.03,-0.27%,22.24,2.55,33.91 K,0.0,24.31,24.31 Cr
199,DAAG,Data Agro Limited,CHEMICAL,59.41,5.35,9.90%,134.68,52.0,44.11 K,0.0,23.76,23.76 Cr
200,BUXL,Buxly Paints Limited,CHEMICAL,162.08,-2.93,-1.78%,229.44,96.0,162,0.0,23.34,23.34 Cr
201,ANTM,AN Textile Mills Limited,TEXTILE COMPOSITE,23.06,0.0,0%,47.75,9.02,360,0.0,22.28,22.28 Cr
202,STML,Shams Textile Mills Limited,TEXTILE COMPOSITE,25.54,0.0,0%,47.75,21.5,51,0.0,22.07,22.07 Cr
203,HAEL,Hala Enterprises Limited,TEXTILE COMPOSITE,15.84,-0.57,-3.47%,35.42,9.18,5.67 K,0.0,20.59,20.59 Cr
204,IDSM,Ideal Spinning Mills Limited,TEXTILE SPINNING,19.13,0.0,0%,41.9,11.0,55,0.0,18.98,18.98 Cr
205,FECM,First Elite Capital Modaraba,MODARABAS,15.85,-1.51,-8.70%,57.06,11.25,13.7 K,0.0,17.97,17.97 Cr
206,FPJM,First Punjab Modaraba,MODARABAS,5.09,-0.11,-2.12%,12.46,2.17,30.08 K,0.0,17.32,17.32 Cr
207,LEUL,Leather Up Limited,LEATHER & TANNERIES,28.83,0.81,2.89%,72.68,22.11,5.39 K,0.0,17.3,17.3 Cr
208,FFLM,First Fidelity Leasing Modaraba,MODARABAS,6.5,0.44,7.26%,17.55,1.55,7.76 K,0.0,17.17,17.17 Cr
209,ELCM,Elahi Cotton Mills Limited,TEXTILE SPINNING,131.0,0.0,0%,315.95,102.26,1,0.0,17.03,17.03 Cr
210,FPRM,First Paramount Modaraba,MODARABAS,11.7,0.0,0%,16.99,6.5,7,0.0,16.13,16.13 Cr
211,BFMOD,B.F. Modaraba,MODARABAS,18.15,1.65,10%,38.84,6.22,2 Lac,0.0,13.64,13.64 Cr
212,FANM,First Al-Noor Modaraba,MODARABAS,5.56,0.06,1.09%,10.83,2.22,9.84 K,0.0,12.84,12.84 Cr
