symbol,Points,Weight,Cur.,Chg,Chg %,52WK High,52WK Low,Vol,Market Cap
,0.94,0.05,876.93,28.94,3.41%,1150,680,521,1522.55 Cr
AABS,,,,,,,,,
,,,,,,,,,
,1.2,0.58,893.82,3.1,0.35%,1304,790,8.55 K,8750.52 Cr
ABOT,,,,,,,,,
,,,,,,,,,
,-0.05,0.22,268.52,-0.11,-0.04%,333,225,9.43 K,3690.19 Cr
ACPL,,,,,,,,,
,,,,,,,,,
,0,0.01,79,0,0%,90.98,45.05,240,136.6 Cr
ADAMS,,,,,,,,,
,,,,,,,,,
,0.38,0.09,134.01,0.97,0.73%,198,89.03,35.71 K,482.44 Cr
AGIL,,,,,,,,,
,,,,,,,,,
,2.24,0.44,172.62,1.46,0.85%,258.67,142,2.03 Lac,4833.36 Cr
AGP,,,,,,,,,
,,,,,,,,,
,0.04,0.04,320.66,0.66,0.21%,504.96,288,7.77 K,1858.68 Cr
AGTL,,,,,,,,,
,,,,,,,,,
,0,0,73.17,0,0%,134.15,48.6,454,61.99 Cr
AHTM,,,,,,,,,
,,,,,,,,,
,1.54,0.45,125.29,0.71,0.57%,199,116.5,6.68 Lac,4952.33 Cr
AIRLINK,,,,,,,,,
,,,,,,,,,
,-0.25,0,138.5,-15.29,-9.94%,232.89,119.73,16.46 K,34.73 Cr
AKDHL,,,,,,,,,
,,,,,,,,,
,0,0,0,0,0%,0,0,0,0
AKGL,,,,,,,,,
,,,,,,,,,
,-0.09,0.02,119,-0.98,-0.82%,140.72,65,5.01 K,243.64 Cr
ALNRS,,,,,,,,,
,,,,,,,,,
,0.13,0.07,8.97,0.03,0.34%,13.7,6.4,1.57 Lac,435.41 Cr
ANL,,,,,,,,,
,,,,,,,,,
,0,0,23.06,0,0%,47.75,9.02,360,22.28 Cr
ANTM,,,,,,,,,
,,,,,,,,,
,1.44,0.4,522.85,3.19,0.61%,646,377.11,73.28 K,6505.09 Cr
APL,,,,,,,,,
,,,,,,,,,
,0.06,0,31.33,1.19,3.95%,46.8,17.1,3.15 K,41.28 Cr
ARCTM,,,,,,,,,
,,,,,,,,,
,0.83,0.09,345.22,5.22,1.54%,535,325,1.94 K,1193.2 Cr
ARPL,,,,,,,,,
,,,,,,,,,
,0.05,0,15.99,1,6.67%,32.99,11.12,781,74.46 Cr
ASHT,,,,,,,,,
,,,,,,,,,
,0,0.1,9.82,0,0%,15.94,8.51,11.2 Lac,914.03 Cr
ASL,,,,,,,,,
,,,,,,,,,
,0.19,0.05,188.22,1.16,0.62%,356,169.02,2.97 K,659.09 Cr
ATBA,,,,,,,,,
,,,,,,,,,
,-10.13,1.08,833,-13.26,-1.57%,949,410,7.05 Lac,8881.13 Cr
ATRL,,,,,,,,,
,,,,,,,,,
,0.08,0.14,29.99,0.03,0.10%,54.3,26.5,3.74 Lac,1282 Cr
AVN,,,,,,,,,
,,,,,,,,,
,0,0,0,0,0%,0,0,0,0
AWTX,,,,,,,,,
,,,,,,,,,
,0.01,0.05,1007.44,0.22,0.02%,1798,888,169,761.62 Cr
BATA,,,,,,,,,
,,,,,,,,,
,-1.01,0.12,36.49,-0.54,-1.46%,57.35,34,1.55 Lac,1090.71 Cr
BBFL,,,,,,,,,
,,,,,,,,,
,-0.09,0.01,58.96,-0.83,-1.39%,130.44,56.02,3.36 K,67.64 Cr
BCL,,,,,,,,,
,,,,,,,,,
,-0.08,0.06,4.22,-0.01,-0.24%,73.6,3.9,13.1 Lac,527.34 Cr
BECO,,,,,,,,,
,,,,,,,,,
,-0.09,0.03,86.61,-0.51,-0.59%,129.15,73.55,3.62 K,212.64 Cr
BERG,,,,,,,,,
,,,,,,,,,
,0.15,0.08,32.08,0.11,0.34%,49.25,23.55,66.7 K,994.45 Cr
BFAGRO,,,,,,,,,
,,,,,,,,,
,-0.62,0.11,130.39,-1.3,-0.99%,194.9,117,1.11 Lac,1151.78 Cr
BFBIO,,,,,,,,,
,,,,,,,,,
,0.07,0,18.15,1.65,10%,38.84,6.22,2 Lac,13.64 Cr
BFMOD,,,,,,,,,
,,,,,,,,,
,0,0,765,0,0%,1194.18,665,7,232.63 Cr
BHAT,,,,,,,,,
,,,,,,,,,
,0.04,0.04,82.39,0.14,0.17%,207.1,79.1,81.01 K,382.15 Cr
BIFO,,,,,,,,,
,,,,,,,,,
,1.32,0.13,24.85,0.43,1.76%,44.1,17.5,4.91 Lac,2755.13 Cr
BIPL,,,,,,,,,
,,,,,,,,,
B,-0.24,0.02,5.82,-0.12,-2.02%,80.85,4.9,1.14 Lac,165.45 Cr
BLUEX,,,,,,,,,
,,,,,,,,,
,-0.07,0.09,7.78,-0.01,-0.13%,170.73,7.48,4.63 Lac,519.75 Cr
BNL,,,,,,,,,
,,,,,,,,,
,0.2,0.01,66.2,2.26,3.54%,112.4,25.51,12.25 K,62.93 Cr
BNWM,,,,,,,,,
,,,,,,,,,
,-0.1,0,21.76,-0.82,-3.63%,42.25,20.01,9.05 K,48.94 Cr
BPL,,,,,,,,,
,,,,,,,,,
,-1.32,0.06,39.41,-1.59,-3.88%,48.65,19.33,1.92 K,374.43 Cr
BRRG,,,,,,,,,
,,,,,,,,,
,0.13,0.02,810.17,7.47,0.93%,925.25,236.1,248,521.1 Cr
BTL,,,,,,,,,
,,,,,,,,,
,-0.03,0,162.08,-2.93,-1.78%,229.44,96,162,23.34 Cr
BUXL,,,,,,,,,
,,,,,,,,,
,0,0.04,177.03,0.03,0.02%,257.92,114.01,12.35 K,236.06 Cr
BWHL,,,,,,,,,
,,,,,,,,,
,0.14,0.01,40.91,0.74,1.84%,68.88,34.4,731,92.7 Cr
CCM,,,,,,,,,
,,,,,,,,,
,-0.05,0.09,25.76,-0.02,-0.08%,46.7,20.25,1.29 Lac,1034.81 Cr
CEPB,,,,,,,,,
,,,,,,,,,
,0.37,0.01,54.96,5,10.01%,94.01,44.01,862,68.25 Cr
CFL,,,,,,,,,
,,,,,,,,,
,-5.11,0.79,243.72,-2.67,-1.08%,390,225,3.05 Lac,4735.36 Cr
CHCC,,,,,,,,,
,,,,,,,,,
,1.07,0.04,64.61,2.63,4.24%,88.64,32.26,8.55 Lac,251.52 Cr
CLOV,,,,,,,,,
,,,,,,,,,
,1.01,0.3,7.25,0.04,0.56%,9.39,5.35,1.66 Cr,3982.75 Cr
CNERGY,,,,,,,,,
,,,,,,,,,
,-0.89,0.25,72.61,-0.43,-0.59%,105.31,60.5,4.79 Lac,1658.86 Cr
CPHL,,,,,,,,,
,,,,,,,,,
,0.15,0.06,68.29,0.28,0.41%,143,64.79,2.38 K,335.27 Cr
CPPL,,,,,,,,,
,,,,,,,,,
,6.92,0.12,63.45,5.77,10%,74.28,11.76,2.55 Lac,634.5 Cr
CRTM,,,,,,,,,
,,,,,,,,,
,1.24,0.1,92.83,1.92,2.11%,143.5,78.25,2.84 Lac,720.66 Cr
CSAP,,,,,,,,,
,,,,,,,,,
,0.1,0,59.41,5.35,9.90%,134.68,52,44.11 K,23.76 Cr
DAAG,,,,,,,,,
,,,,,,,,,
,0,0,46.5,0,0%,83.9,42.75,118,50.05 Cr
DADX,,,,,,,,,
,,,,,,,,,
,0.19,0.04,7.58,0.06,0.80%,16.6,6.61,5.44 Lac,366.96 Cr
DCL,,,,,,,,,
,,,,,,,,,
,-0.4,0.61,36.16,-0.04,-0.11%,41.8,22.98,2.87 Lac,8040.9 Cr
DCR,,,,,,,,,
,,,,,,,,,
,7.27,1.03,154.74,1.8,1.18%,275.75,116.5,33.35 Lac,6779.45 Cr
DGKC,,,,,,,,,
,,,,,,,,,
,0.37,0.01,74.5,6.77,10%,91.87,18,25.37 K,67.05 Cr
DIIL,,,,,,,,,
,,,,,,,,,
,0.74,0.01,51.58,4.69,10%,119.88,41.36,2.29 K,270.62 Cr
DINT,,,,,,,,,
,,,,,,,,,
D,0,0,108.71,0,0%,351.9,34.26,121,33.18 Cr
DMC,,,,,,,,,
,,,,,,,,,
,-0.57,0.04,14.28,-0.34,-2.33%,28.07,11.5,2.98 Lac,451.76 Cr
DNCC,,,,,,,,,
,,,,,,,,,
,0.05,0.04,27.17,0.05,0.18%,41,22.2,42.21 K,475.56 Cr
DOL,,,,,,,,,
,,,,,,,,,
,0,0.1,271.08,0,0%,353.3,184.5,1,511.59 Cr
DYNO,,,,,,,,,
,,,,,,,,,
,0.87,0.04,40.09,1.28,3.30%,98.46,28.5,1.46 Lac,193.47 Cr
ECOP,,,,,,,,,
,,,,,,,,,
,-15.52,3.57,194.71,-1.44,-0.73%,263.3,145.25,17.72 Lac,25999.61 Cr
EFERT,,,,,,,,,
,,,,,,,,,
,0,0,131,0,0%,315.95,102.26,1,17.03 Cr
ELCM,,,,,,,,,
,,,,,,,,,
,0.02,0.01,105.8,0.3,0.28%,138,99,10,115.85 Cr
ELSM,,,,,,,,,
,,,,,,,,,
,-0.09,0.01,35.1,-0.48,-1.35%,98.89,29.5,3.08 K,122.85 Cr
EMCO,,,,,,,,,
,,,,,,,,,
,-8.27,7.7,262.37,-0.47,-0.18%,302.5,139,14.19 Lac,31595.43 Cr
ENGROH,,,,,,,,,
,,,,,,,,,
,-3.18,0.24,33.98,-0.79,-2.27%,39.32,25.5,28.69 Lac,3088.52 Cr
EPCL,,,,,,,,,
,,,,,,,,,
,-0.42,0.07,24.6,-0.24,-0.97%,39.6,22.3,5.24 Lac,796.55 Cr
EPQL,,,,,,,,,
,,,,,,,,,
,-0.15,0.02,410.36,-4.32,-1.04%,951,365,4.8 K,318.79 Cr
EXIDE,,,,,,,,,
,,,,,,,,,
,2.84,1.13,81.71,0.34,0.42%,105.49,40.05,9.09 Lac,12401.1 Cr
FABL,,,,,,,,,
,,,,,,,,,
,0.01,0,5.56,0.06,1.09%,10.83,2.22,9.84 K,12.84 Cr
FANM,,,,,,,,,
,,,,,,,,,
,-4.26,1.21,126.23,-0.75,-0.59%,192.8,70,4.9 Lac,26508.3 Cr
FATIMA,,,,,,,,,
,,,,,,,,,
,0.33,1.11,42.57,0.02,0.05%,62.84,36.26,64.66 Lac,10441.77 Cr
FCCL,,,,,,,,,
,,,,,,,,,
,1.26,0.17,74.71,0.89,1.21%,113.63,63.86,78.62 K,5727.24 Cr
FCEPL,,,,,,,,,
,,,,,,,,,
,0.23,0.1,21.02,0.08,0.38%,28.56,18.51,5.29 Lac,1354.9 Cr
FCL,,,,,,,,,
,,,,,,,,,
,-0.21,0,15.85,-1.51,-8.70%,57.06,11.25,13.7 K,17.97 Cr
FECM,,,,,,,,,
,,,,,,,,,
,0.6,0.03,85.76,2.56,3.08%,195.75,55,2.75 Lac,430.17 Cr
FECTC,,,,,,,,,
,,,,,,,,,
,0,0.01,8,0,0%,17.7,2.32,21.4 K,41.95 Cr
FEM,,,,,,,,,
,,,,,,,,,
,1.07,0.16,339.15,3.83,1.14%,475,242.33,2.52 K,1474.25 Cr
FEROZ,,,,,,,,,
,,,,,,,,,
,47.35,12.81,492.26,3.04,0.62%,685,314.18,18.26 Lac,70837.36 Cr
FFC,,,,,,,,,
,,,,,,,,,
,0.27,0.23,14.89,0.03,0.20%,23.93,11.25,15.93 Lac,3752.23 Cr
FFL,,,,,,,,,
,,,,,,,,,
,0.15,0,6.5,0.44,7.26%,17.55,1.55,7.76 K,17.17 Cr
FFLM,,,,,,,,,
,,,,,,,,,
,0.66,0.08,28.98,0.38,1.33%,39.49,19.13,3.1 K,321.19 Cr
FHAM,,,,,,,,,
,,,,,,,,,
,-0.01,0,11.21,-0.03,-0.27%,22.24,2.55,33.91 K,24.31 Cr
FIBLM,,,,,,,,,
,,,,,,,,,
,0,0.01,192.66,0,0%,397.69,164,1,57.8 Cr
FIMM,,,,,,,,,
,,,,,,,,,
,0.65,0.13,41.33,0.34,0.83%,62.85,25.05,5.36 K,2871.61 Cr
FLYNG,,,,,,,,,
,,,,,,,,,
,0,0.05,39.05,0,0%,93.05,34.05,348,1559.69 Cr
FML,,,,,,,,,
,,,,,,,,,
,-0.03,0,5.09,-0.11,-2.12%,12.46,2.17,30.08 K,17.32 Cr
FPJM,,,,,,,,,
,,,,,,,,,
,0,0,11.7,0,0%,16.99,6.5,7,16.13 Cr
FPRM,,,,,,,,,
,,,,,,,,,
,0,0,63.56,0,0%,109,19.02,1,240.73 Cr
FRCL,,,,,,,,,
,,,,,,,,,
,0,0.02,43.86,0,0%,63.48,34.22,15,173.3 Cr
FRSM,,,,,,,,,
,,,,,,,,,
,0.03,0,12.97,0.17,1.33%,23.9,3.5,670,253.69 Cr
FTMM,,,,,,,,,
,,,,,,,,,
,-0.39,0.01,25.37,-2.82,-10%,57,10.51,93.04 K,53.69 Cr
FTSM,,,,,,,,,
,,,,,,,,,
,-0.06,0.02,197.73,-1.2,-0.60%,446.34,117.17,589,593.19 Cr
FZCM,,,,,,,,,
,,,,,,,,,
,0.05,0.21,303.77,0.13,0.04%,633,291,1.52 Lac,1731.56 Cr
GAL,,,,,,,,,
,,,,,,,,,
,0.1,0.03,69.07,0.35,0.51%,193.75,62.55,10.29 K,750.99 Cr
GATI,,,,,,,,,
,,,,,,,,,
,-0.7,0.1,17.93,-0.21,-1.16%,40.7,16.5,6.51 Lac,1326.93 Cr
GATM,,,,,,,,,
,,,,,,,,,
,1.56,0.19,27.28,0.37,1.38%,39.87,13.75,11.08 Lac,1556.19 Cr
GCIL,,,,,,,,,
,,,,,,,,,
G,1.94,0.06,17.05,0.91,5.64%,25.15,5.35,11.76 Lac,426.5 Cr
GCWL,,,,,,,,,
,,,,,,,,,
G,-1,0.06,18.24,-0.53,-2.82%,33,18,8.85 Lac,782.86 Cr
GDL,,,,,,,,,
,,,,,,,,,
,0,0,0,0,0%,0,0,0,0
GEMBCEM,,,,,,,,,
,,,,,,,,,
,0,0,0,0,0%,0,0,0,0
GEMMEL,,,,,,,,,
,,,,,,,,,
G,0,0,19,0,0%,52.8,11,326,69.84 Cr
GEMNETS,,,,,,,,,
,,,,,,,,,
G,0,0,0,0,0%,0,0,0,0
GEMPACRA,,,,,,,,,
,,,,,,,,,
,0,0,0,0,0%,0,0,0,0
GEMPAPL,,,,,,,,,
,,,,,,,,,
,0.02,0,19.88,0.33,1.69%,26.96,6.5,1.95 Lac,64.88 Cr
GFIL,,,,,,,,,
,,,,,,,,,
,0.85,0.03,7.78,0.37,4.99%,14.47,6.7,1.56 Lac,186.72 Cr
GGGL,,,,,,,,,
,,,,,,,,,
,-0.73,0.08,15.58,-0.23,-1.46%,31.31,10.26,20.97 Lac,551.72 Cr
GGL,,,,,,,,,
,,,,,,,,,
,-0.83,0.35,32.5,-0.13,-0.40%,52.25,26.5,58.28 K,3249.07 Cr
GHGL,,,,,,,,,
,,,,,,,,,
,2.72,0.28,619.77,9.85,1.62%,1030,583.25,3.29 Lac,2640.77 Cr
GHNI,,,,,,,,,
,,,,,,,,,
G,0,0,0,0,0%,0,0,0,0
GIL,,,,,,,,,
,,,,,,,,,
,0.3,0.63,324.1,0.27,0.08%,481,293.09,2.74 Lac,10321.52 Cr
GLAXO,,,,,,,,,
,,,,,,,,,
,0,0.07,700,0,0%,725,132.45,16,2231.04 Cr
GLPL,,,,,,,,,
,,,,,,,,,
,0,0,79,0,0%,171.95,55,34,58.06 Cr
GOC,,,,,,,,,
,,,,,,,,,
,0.3,0.04,24.85,0.33,1.35%,51.5,22.26,70.56 K,303 Cr
GTYR,,,,,,,,,
,,,,,,,,,
,-2.09,0.04,49.53,-4.24,-7.89%,75,38.62,18.39 K,742.66 Cr
GVGL,,,,,,,,,
,,,,,,,,,
,0.03,0.06,45.36,0.04,0.09%,77.96,32,3.68 Lac,1815.64 Cr
GWLC,,,,,,,,,
,,,,,,,,,
,1.06,0.09,69.91,1.42,2.07%,96,59.1,2.11 Lac,943.78 Cr
HABSM,,,,,,,,,
,,,,,,,,,
,-0.02,0,15.84,-0.57,-3.47%,35.42,9.18,5.67 K,20.59 Cr
HAEL,,,,,,,,,
,,,,,,,,,
,0,0,330.25,3.72,1.14%,629.5,250,55,39.63 Cr
HAFL,,,,,,,,,
,,,,,,,,,
,0.93,0.32,662.45,3.21,0.49%,1010,653.14,55.41 K,7754.28 Cr
HALEON,,,,,,,,,
,,,,,,,,,
,0.27,0.14,159.15,0.52,0.33%,321,147.5,40.99 K,2272.66 Cr
HCAR,,,,,,,,,
,,,,,,,,,
,0.09,0.02,283.6,1.96,0.70%,634.5,264.69,3.99 K,703.36 Cr
HINO,,,,,,,,,
,,,,,,,,,
,-5.15,0.54,836.38,-13.56,-1.60%,1241,755.56,12.85 K,4431.42 Cr
HINOON,,,,,,,,,
,,,,,,,,,
,-0.17,0.11,3874.3,-9.86,-0.25%,4889.99,2876,57,3736.67 Cr
HPL,,,,,,,,,
,,,,,,,,,
,-0.02,0,18.11,-0.16,-0.88%,37,16.51,34.64 K,72.44 Cr
HRPL,,,,,,,,,
,,,,,,,,,
,-0.29,0.04,34.99,-0.47,-1.33%,66.5,30.5,23.71 K,487.08 Cr
HTL,,,,,,,,,
,,,,,,,,,
,4.92,5.89,198.7,0.28,0.14%,249.99,114.6,39.21 Lac,25774.46 Cr
HUBC,,,,,,,,,
,,,,,,,,,
,0,0.1,205,0,0%,380,176.55,44,6365.39 Cr
IBFL,,,,,,,,,
,,,,,,,,,
,0.09,0.03,41.18,0.2,0.49%,85.82,28,71.14 K,405.73 Cr
IBLHL,,,,,,,,,
,,,,,,,,,
,-0.02,0,11.76,-0.25,-2.08%,19.91,8.61,6.83 K,35.28 Cr
ICCI,,,,,,,,,
,,,,,,,,,
,1.25,0.18,118.59,1.36,1.16%,176,59.11,88.57 K,1185.9 Cr
ICL,,,,,,,,,
,,,,,,,,,
,0.05,0,27.86,1.23,4.62%,42,15.24,3.64 K,55.31 Cr
IDRT,,,,,,,,,
,,,,,,,,,
,0,0,19.13,0,0%,41.9,11,55,18.98 Cr
IDSM,,,,,,,,,
,,,,,,,,,
,3.02,0.64,75.09,0.59,0.79%,99.35,45,1.1 Lac,10525.44 Cr
ILP,,,,,,,,,
,,,,,,,,,
,-0.38,0.09,20.13,-0.14,-0.69%,36.83,17.7,84.25 K,463.73 Cr
IMAGE,,,,,,,,,
,,,,,,,,,
,-1.91,0.26,142.89,-1.8,-1.24%,249,119.99,11.03 K,1884.46 Cr
INIL,,,,,,,,,
,,,,,,,,,
,3.78,0.17,25.59,0.91,3.69%,32.49,17.8,1.48 Lac,1881.4 Cr
IPAK,,,,,,,,,
,,,,,,,,,
I,-0.05,0.02,8.01,-0.03,-0.37%,13.05,7.26,2.27 Lac,220.96 Cr
IREIT,,,,,,,,,
,,,,,,,,,
,0,0,0,0,0%,0,0,0,0
ISIL,,,,,,,,,
,,,,,,,,,
,-10.56,0.31,66.61,-4.05,-5.73%,135,62,24.1 Lac,2897.53 Cr
ISL,,,,,,,,,
,,,,,,,,,
,0.16,0.02,7.4,0.09,1.23%,12.64,5.35,1.4 Lac,106.81 Cr
ITTEFAQ,,,,,,,,,
,,,,,,,,,
,0.23,0,77.26,5.55,7.74%,175,46,1.31 Lac,53.43 Cr
JDMT,,,,,,,,,
,,,,,,,,,
,0.38,0.23,852.41,2.4,0.28%,1026,750,63,4924.94 Cr
JDWS,,,,,,,,,
,,,,,,,,,
,0,0.03,172.21,0,0%,340.05,51,11,1762.01 Cr
JKSM,,,,,,,,,
,,,,,,,,,
,1.92,0.03,77.29,7.03,10.01%,85.03,34.06,3.19 Lac,263.78 Cr
JSML,,,,,,,,,
,,,,,,,,,
,-4.91,0.54,103.11,-1.6,-1.53%,163,50.5,4.35 Lac,3927.05 Cr
JVDC,,,,,,,,,
,,,,,,,,,
,0,0,0,0,0%,0,0,0,0
KCL,,,,,,,,,
,,,,,,,,,
,-5.93,0.59,6.99,-0.12,-1.69%,9.58,3.6,5.36 Cr,19303.02 Cr
KEL,,,,,,,,,
,,,,,,,,,
,-0.04,0,1217.89,-127.11,-9.45%,3714.44,395.33,189,149.5 Cr
KHYT,,,,,,,,,
,,,,,,,,,
,-0.22,0.02,8.66,-0.16,-1.81%,146.77,7.1,23.14 Lac,440.89 Cr
KML,,,,,,,,,
,,,,,,,,,
,-6.11,0.54,76.62,-1.49,-1.91%,567.99,74,12.81 Lac,7043.73 Cr
KOHC,,,,,,,,,
,,,,,,,,,
,-0.21,0.03,13.48,-0.17,-1.24%,23.49,12.33,1.75 Lac,228.43 Cr
KOHE,,,,,,,,,
,,,,,,,,,
,-0.12,0.01,46.93,-1.06,-2.21%,113,25.03,850,97.61 Cr
KOHTM,,,,,,,,,
,,,,,,,,,
,0.52,0.01,359.28,32.66,10%,359.28,108,11.83 K,575.48 Cr
KPUS,,,,,,,,,
,,,,,,,,,
,-0.18,0.05,190.55,-1.2,-0.63%,278,142,15.77 K,588.8 Cr
KSBP,,,,,,,,,
,,,,,,,,,
,-2.27,0.33,40.04,-0.47,-1.16%,305,37.02,59.37 K,5391.38 Cr
KTML,,,,,,,,,
,,,,,,,,,
,0.53,0.64,227.3,0.31,0.14%,1910,201.17,85.78 K,10496.61 Cr
LCI,,,,,,,,,
,,,,,,,,,
,0.03,0,28.83,0.81,2.89%,72.68,22.11,5.39 K,17.3 Cr
LEUL,,,,,,,,,
,,,,,,,,,
L,-0.2,0.01,33.14,-0.79,-2.33%,90.99,27.82,82.84 K,374.62 Cr
LIVEN,,,,,,,,,
,,,,,,,,,
,0.28,0.04,11.5,0.12,1.05%,22.6,10.93,2.02 Lac,426.94 Cr
LOADS,,,,,,,,,
,,,,,,,,,
,-2.17,0.27,23.5,-0.32,-1.34%,34.3,15.06,4.14 Lac,3558.39 Cr
LOTCHEM,,,,,,,,,
,,,,,,,,,
,0.07,0,75.79,2.01,2.72%,167.86,63.01,789,56.84 Cr
LPGL,,,,,,,,,
,,,,,,,,,
,22.89,5.12,382.12,2.86,0.75%,1796,274.43,23.95 Lac,55980.58 Cr
LUCK,,,,,,,,,
,,,,,,,,,
,0.07,0.01,20.71,0.18,0.88%,70.49,13.11,67.75 K,122.81 Cr
MACFL,,,,,,,,,
,,,,,,,,,
,-0.1,0.13,271.95,-0.34,-0.13%,621.82,255.1,7.39 K,1245.83 Cr
MACTER,,,,,,,,,
,,,,,,,,,
,-10.2,4.62,631.64,-2.36,-0.37%,795,539.13,6.58 Lac,75836.12 Cr
MARI,,,,,,,,,
,,,,,,,,,
,23.61,6.6,481.16,2.89,0.60%,518.79,236.6,13.31 Lac,86635.49 Cr
MEBL,,,,,,,,,
,,,,,,,,,
,3.89,0.16,229.24,9.14,4.15%,440,197.64,184,687.72 Cr
MEHT,,,,,,,,,
,,,,,,,,,
,-0.01,0.01,7.99,-0.01,-0.13%,17,7.1,70.32 K,159.77 Cr
MERIT,,,,,,,,,
,,,,,,,,,
,-0.06,0.02,154.03,-0.95,-0.61%,237,139.66,8.92 K,352.34 Cr
MFFL,,,,,,,,,
,,,,,,,,,
,0.23,0.04,46.42,0.42,0.91%,85.73,32.01,30.94 K,568.18 Cr
MFL,,,,,,,,,
,,,,,,,,,
,5.76,1.09,75.62,0.67,0.89%,132.99,59.25,43.75 Lac,7921.67 Cr
MLCF,,,,,,,,,
,,,,,,,,,
,-0.02,0,19.58,-0.26,-1.31%,52.29,19.18,2.65 K,36.09 Cr
MQTM,,,,,,,,,
,,,,,,,,,
,-0.09,0,15.58,-0.65,-4.01%,23.15,7.02,56.3 K,48.26 Cr
MSCL,,,,,,,,,
,,,,,,,,,
,-2.92,1.36,497.2,-1.8,-0.36%,626.94,465,2.35 Lac,9919.93 Cr
MTL,,,,,,,,,
,,,,,,,,,
,-0.08,0.19,61.94,-0.04,-0.07%,113.99,52,5.28 Lac,2078.92 Cr
MUGHAL,,,,,,,,,
,,,,,,,,,
,-0.17,0.01,51.2,-1.64,-3.10%,170.95,14.8,9.47 K,147.19 Cr
MWMP,,,,,,,,,
,,,,,,,,,
,-1.65,0.59,331.07,-1.55,-0.47%,439,203.01,74.55 K,7717.75 Cr
NATF,,,,,,,,,
,,,,,,,,,
N,0,0,0,0,0%,0,0,0,0
NATM,,,,,,,,,
,,,,,,,,,
,-3.86,1.04,7554.63,-46.76,-0.62%,10524.97,6402.02,1.32 K,34259.93 Cr
NESTLE,,,,,,,,,
,,,,,,,,,
,0.17,0.08,102.54,0.34,0.33%,168.6,87.66,81.82 K,921.19 Cr
NETSOL,,,,,,,,,
,,,,,,,,,
,-0.76,0.64,132.25,-0.27,-0.20%,208.4,94.67,24.56 Lac,4649.91 Cr
NML,,,,,,,,,
,,,,,,,,,
,-2.51,0.27,337.12,-5.35,-1.56%,477.45,157.01,9.87 Lac,2695.83 Cr
NRL,,,,,,,,,
,,,,,,,,,
,0.88,0.03,26.55,1.09,4.28%,48.7,20.6,1.25 Lac,375.21 Cr
NRSL,,,,,,,,,
,,,,,,,,,
,0,0,131.9,0,0%,224.8,29.07,65,205.15 Cr
NSRM,,,,,,,,,
,,,,,,,,,
,-0.07,0.01,8.11,-0.09,-1.10%,15.96,7.1,3.56 Lac,40.55 Cr
OBOY,,,,,,,,,
,,,,,,,,,
,0.13,0.05,32.21,0.15,0.47%,61.29,24.35,1.77 Lac,506.54 Cr
OCTOPUS,,,,,,,,,
,,,,,,,,,
,-0.32,5.41,275.34,-0.04,-0.01%,337.1,174.26,35.51 Lac,118421.76 Cr
OGDC,,,,,,,,,
,,,,,,,,,
,0,0.02,22,0,0%,25.49,15,51.89 K,99.84 Cr
OLPM,,,,,,,,,
,,,,,,,,,
,0,0,0,0,0%,0,0,0,0
OML,,,,,,,,,
,,,,,,,,,
,-0.12,0.01,10.11,-0.25,-2.41%,16.79,8.31,1.61 K,75.83 Cr
ORM,,,,,,,,,
,,,,,,,,,
,4.88,0.52,33.68,0.52,1.57%,64.6,32.01,61.11 Lac,3110.85 Cr
PAEL,,,,,,,,,
,,,,,,,,,
,-0.22,0.02,106.47,-2.51,-2.30%,420,85.01,5.78 K,126.27 Cr
PAKD,,,,,,,,,
,,,,,,,,,
,-2.05,0.15,229.6,-5.3,-2.26%,356.68,127,2.03 K,2000.37 Cr
PAKOXY,,,,,,,,,
,,,,,,,,,
P,-0.06,0.03,17.31,-0.06,-0.35%,24.75,15.24,1.1 Lac,399.36 Cr
PAKQATAR,,,,,,,,,
,,,,,,,,,
,-0.3,0.35,14.47,-0.02,-0.14%,22.97,6.89,97.2 Lac,2584.48 Cr
PIBTL,,,,,,,,,
,,,,,,,,,
,0,0,0,0,0%,0,0,0,0
PIM,,,,,,,,,
,,,,,,,,,
,0.85,0.65,209,0.45,0.22%,427.5,173,1.16 Lac,4747.41 Cr
PIOC,,,,,,,,,
,,,,,,,,,
,-1.24,0.55,668.31,-2.55,-0.38%,855,435,43.88 K,5973.32 Cr
PKGS,,,,,,,,,
,,,,,,,,,
,-0.24,0.01,125.54,-4.46,-3.43%,330.43,113.11,1.29 K,97.45 Cr
POML,,,,,,,,,
,,,,,,,,,
,-4.04,0.28,17.62,-0.44,-2.44%,22.24,11.71,8.99 Lac,2273.9 Cr
POWER,,,,,,,,,
,,,,,,,,,
,-6.55,4.23,207.12,-0.53,-0.26%,284.6,128.56,48.51 Lac,56356.68 Cr
PPL,,,,,,,,,
,,,,,,,,,
,-0.05,0.01,103.37,-0.63,-0.61%,279,91,1.3 K,82.7 Cr
PPP,,,,,,,,,
,,,,,,,,,
P,0.01,0.01,11.26,0.02,0.18%,16.94,10.25,77.52 K,113.85 Cr
PQGTL,,,,,,,,,
,,,,,,,,,
,0.5,0.05,24.63,0.41,1.69%,94,23,1.88 Lac,538.51 Cr
PREMA,,,,,,,,,
,,,,,,,,,
,-2.27,0.24,34.2,-0.56,-1.61%,40.93,22.03,86.17 Lac,2154.6 Cr
PRL,,,,,,,,,
,,,,,,,,,
,9.42,0.79,845.53,16.53,1.99%,1635,760,138,2750.02 Cr
PSEL,,,,,,,,,
,,,,,,,,,
,-4.45,2.41,336.32,-1.05,-0.31%,506.75,300,11.81 Lac,15789.33 Cr
PSO,,,,,,,,,
,,,,,,,,,
,0,0,0,0,0%,0,0,0,0
PSYL,,,,,,,,,
,,,,,,,,,
,-0.64,0.06,48.13,-0.85,-1.74%,65.88,32.86,16.05 K,808.58 Cr
PTL,,,,,,,,,
,,,,,,,,,
,-0.48,0.05,22.83,-0.39,-1.68%,46.06,5.5,22.99 Lac,224.79 Cr
QUICE,,,,,,,,,
,,,,,,,,,
,-0.35,0.01,360.93,-19.07,-5.02%,745.59,341,275,384.46 Cr
RCML,,,,,,,,,
,,,,,,,,,
,0.02,0,26.04,0.48,1.88%,40.4,14.9,2.46 K,128.36 Cr
REDCO,,,,,,,,,
,,,,,,,,,
,0,0,0,0,0%,0,0,0,0
REWM,,,,,,,,,
,,,,,,,,,
,1.9,0.25,9041.83,111.58,1.25%,13565.64,8251.5,46,8351.4 Cr
RMPL,,,,,,,,,
,,,,,,,,,
,-0.12,0.02,13.06,-0.15,-1.14%,25.05,12,15.67 K,185.32 Cr
RPL,,,,,,,,,
,,,,,,,,,
,0,0.01,29.13,0,0%,42.79,12.1,1 Lac,99.24 Cr
RUPL,,,,,,,,,
,,,,,,,,,
,-0.02,0.01,25.28,-0.08,-0.32%,52.5,7.85,6.8 K,66.77 Cr
SAIF,,,,,,,,,
,,,,,,,,,
,-0.57,0.02,112,-5.01,-4.28%,135.92,41,1.4 K,133.8 Cr
SANSM,,,,,,,,,
,,,,,,,,,
,0,0.08,1210.64,0,0%,1564.29,1001,5,2625.85 Cr
SAPT,,,,,,,,,
,,,,,,,,,
,-0.04,0,53.2,-0.79,-1.46%,102.9,27.05,808,31.92 Cr
SARC,,,,,,,,,
,,,,,,,,,
,-1.5,1.05,1628.59,-3.91,-0.24%,2487,1053.99,4.85 Lac,9844.17 Cr
SAZEW,,,,,,,,,
,,,,,,,,,
,0.08,0.01,914.31,23.01,2.58%,1020,229.3,582,356.58 Cr
SCL,,,,,,,,,
,,,,,,,,,
,-0.8,0.75,83.42,-0.15,-0.18%,137.44,60.66,12.42 Lac,4906.92 Cr
SEARL,,,,,,,,,
,,,,,,,,,
,0.15,0.01,25.24,0.75,3.06%,45.56,9.3,721,48.19 Cr
SEL,,,,,,,,,
,,,,,,,,,
,-0.04,0,25.73,-1.23,-4.56%,78.3,10.11,2.85 K,35.48 Cr
SERT,,,,,,,,,
,,,,,,,,,
,4.51,0.13,80.8,4.54,5.95%,141.89,67,2.55 Lac,1668.26 Cr
SGF,,,,,,,,,
,,,,,,,,,
,0.41,0.01,22.34,1.55,7.46%,40,6.45,9.62 Lac,39.84 Cr
SGPL,,,,,,,,,
,,,,,,,,,
,-0.04,0,35.06,-3.02,-7.93%,96.58,26.04,1.62 K,61.83 Cr
SHCM,,,,,,,,,
,,,,,,,,,
,0.17,0.01,40.29,1.24,3.18%,90,18.5,1.65 K,66.88 Cr
SHDT,,,,,,,,,
,,,,,,,,,
,0.25,0.03,215.11,3.47,1.64%,308.81,121.99,522,207.86 Cr
SHEZ,,,,,,,,,
,,,,,,,,,
,0,0.39,450,0.01,0%,615.28,357.06,2.77 K,2844.65 Cr
SHFA,,,,,,,,,
,,,,,,,,,
,2.03,0.08,366.26,14.53,4.13%,549,334.67,251,773.49 Cr
SHSML,,,,,,,,,
,,,,,,,,,
,0,0,0,0,0%,0,0,0,0
SIEM,,,,,,,,,
,,,,,,,,,
,0,0,18.48,0,0%,41.25,9.72,101,83.16 Cr
SINDM,,,,,,,,,
,,,,,,,,,
,-1.74,0.17,751.03,-12.96,-1.70%,1060,350,11.62 K,1609.41 Cr
SITC,,,,,,,,,
,,,,,,,,,
,0.08,0.04,13.84,0.04,0.29%,26.5,12.7,3.04 Lac,583.76 Cr
SLGL,,,,,,,,,
,,,,,,,,,
,0,0.01,39.99,-0.01,-0.03%,57.3,13.61,669,99.97 Cr
SMCPL,,,,,,,,,
,,,,,,,,,
,0,0,0,0,0%,0,0,0,0
SNAI,,,,,,,,,
,,,,,,,,,
,-0.73,0.77,88.52,-0.14,-0.16%,142.6,83.2,29.09 Lac,5614.09 Cr
SNGP,,,,,,,,,
,,,,,,,,,
,1.03,0.05,37.87,1.36,3.73%,83.5,31.05,3.77 Lac,756.4 Cr
SPEL,,,,,,,,,
,,,,,,,,,
,0.08,0.06,9.82,0.02,0.20%,14.15,8.01,1.75 Lac,379.52 Cr
SPWL,,,,,,,,,
,,,,,,,,,
S,0.01,0,16.21,0.09,0.56%,21,15.26,10.49 K,53.49 Cr
SRR,,,,,,,,,
,,,,,,,,,
,3.91,0.22,21.71,0.62,2.94%,47.45,19.02,77.02 Lac,1912.47 Cr
SSGC,,,,,,,,,
,,,,,,,,,
,0.08,0.02,398.48,2.99,0.76%,1179.75,138,12.79 K,225.48 Cr
SSOM,,,,,,,,,
,,,,,,,,,
,0,0.04,9.95,0,0%,19.78,8.55,9.63 Lac,238.12 Cr
STCL,,,,,,,,,
,,,,,,,,,
,0.06,0,97.79,2.15,2.25%,123,59.5,1.11 K,94.47 Cr
STJT,,,,,,,,,
,,,,,,,,,
S,-7.7,0.13,98.39,-10.93,-10%,2231.81,98.39,12.8 K,1058.87 Cr
STL,,,,,,,,,
,,,,,,,,,
,0,0,25.54,0,0%,47.75,21.5,51,22.07 Cr
STML,,,,,,,,,
,,,,,,,,,
,0.87,0.03,45.92,1.87,4.25%,61.12,33.66,2.58 K,2244.7 Cr
STYLERS,,,,,,,,,
,,,,,,,,,
,0.73,0.03,108.4,3.99,3.82%,161.3,88,10.69 K,529.1 Cr
SURC,,,,,,,,,
,,,,,,,,,
,-0.16,0.04,10.2,-0.07,-0.68%,17.04,9.01,6.11 Lac,290.95 Cr
SYM,,,,,,,,,
,,,,,,,,,
,32.66,3.78,140.26,2,1.45%,577,100,20.29 Lac,20665.97 Cr
SYS,,,,,,,,,
,,,,,,,,,
S,0,0,49.55,0,0%,85.5,27.1,36,89.05 Cr
SZTM,,,,,,,,,
,,,,,,,,,
T,0.11,0.03,88.57,0.54,0.61%,311,34.05,9.54 K,495.94 Cr
TATM,,,,,,,,,
,,,,,,,,,
T,0.24,0.06,9.55,0.06,0.63%,15.15,8,3.69 Lac,1033.88 Cr
TBL,,,,,,,,,
,,,,,,,,,
T,-0.04,0.02,26.18,-0.1,-0.38%,31.87,11.9,2.23 K,173.33 Cr
TCORP,,,,,,,,,
,,,,,,,,,
T,-0.93,0.07,7.41,-0.16,-2.11%,14.09,5.42,50.9 Lac,250.92 Cr
TELE,,,,,,,,,
,,,,,,,,,
,-0.38,0.29,138.88,-0.31,-0.22%,291.5,128,32.9 K,2391.06 Cr
TGL,,,,,,,,,
,,,,,,,,,
,-0.06,0,669.97,-14.52,-2.12%,839.98,288.54,96,1006.51 Cr
TICL,,,,,,,,,
,,,,,,,,,
,1.55,0.1,31.75,0.77,2.49%,75.85,23.57,41.62 Lac,623.38 Cr
TOMCL,,,,,,,,,
,,,,,,,,,
T,0.04,0.01,99.5,0.67,0.68%,207.87,92.5,3.64 K,169.15 Cr
TOWL,,,,,,,,,
,,,,,,,,,
,-0.42,0.07,6.45,-0.07,-1.07%,13.55,6,12.97 Lac,361.9 Cr
TPLP,,,,,,,,,
,,,,,,,,,
T,-6.05,0.28,7.67,-0.29,-3.64%,18.39,7.5,42.16 K,1407.44 Cr
TPLRF1,,,,,,,,,
,,,,,,,,,
,0.19,0.02,8.15,0.14,1.75%,16.59,4.65,7.14 Lac,152.62 Cr
TPLT,,,,,,,,,
,,,,,,,,,
,1.73,0.12,21.81,0.5,2.35%,37,15.51,30.07 Lac,809.21 Cr
TREET,,,,,,,,,
,,,,,,,,,
T,-0.14,0.01,15.09,-0.32,-2.08%,71.65,3.85,3.59 Lac,44.97 Cr
TRSM,,,,,,,,,
,,,,,,,,,
U,-0.13,0,21.92,-1.63,-6.92%,34.5,19.2,15.54 K,201.23 Cr
UBDL,,,,,,,,,
,,,,,,,,,
U,0,0,4.16,0.01,0.24%,8.3,2.26,4.2 K,9.83 Cr
UCAPM,,,,,,,,,
,,,,,,,,,
U,0,0.01,16.99,0,0%,24.93,6.1,15.87 K,59.67 Cr
UDLI,,,,,,,,,
,,,,,,,,,
U,-0.11,0.02,110.65,-1.14,-1.02%,168.99,53,2.44 K,390.28 Cr
UDPL,,,,,,,,,
,,,,,,,,,
,-1.31,0.36,24801.03,-154.59,-0.62%,36971.47,20898,52,15798.09 Cr
UPFL,,,,,,,,,
,,,,,,,,,
W,0.03,0.17,176.74,0.05,0.03%,260,127,15.22 K,3782.67 Cr
WAFI,,,,,,,,,
,,,,,,,,,
,0,0.02,243.83,0,0%,435,196.02,104,219.45 Cr
WAHN,,,,,,,,,
,,,,,,,,,
W,0.16,0.01,4.49,0.11,2.51%,5.38,1.5,1.51 Lac,58.1 Cr
WASL,,,,,,,,,
,,,,,,,,,
,-0.59,0.05,9.72,-0.18,-1.82%,16.95,6.46,28.09 Lac,273.53 Cr
WAVES,,,,,,,,,
,,,,,,,,,
Y,-0.04,0.01,4.04,-0.03,-0.74%,7.17,2.9,1.12 Lac,54.94 Cr
YOUW,,,,,,,,,
,,,,,,,,,
,0.03,0.01,40.34,0.29,0.72%,161,23.01,7.58 K,772.19 Cr
ZAHID,,,,,,,,,
,,,,,,,,,
Z,-0.44,0.08,38.03,-0.37,-0.96%,79.5,13.27,3.73 Lac,998.29 Cr
ZAL,,,,,,,,,
,,,,,,,,,
Z,0.03,0,351.32,4.9,1.41%,722,211,1.77 K,215.1 Cr
ZIL,,,,,,,,,
,,,,,,,,,
,0.05,0,10.95,0.31,2.91%,21,9.75,12.07 K,65.07 Cr
ZTL,,,,,,,,,
